<?xml version="1.0"?>
<!DOCTYPE hibernate-mapping PUBLIC "-//Hibernate/Hibernate Mapping DTD 3.0//EN"
"http://www.hibernate.org/dtd/hibernate-mapping-3.0.dtd">
<!-- Generated Nov 14, 2015 3:22:47 PM by Hibernate Tools 4.3.1 -->
<hibernate-mapping>
    <class name="entities.Department" table="Department" schema="dbo" catalog="QuanLyNhanVien" optimistic-lock="version">
        <id name="id" type="int">
            <column name="id" />
            <generator class="assigned" />
        </id>
        <property name="name" type="serializable">
            <column name="name" />
        </property>
        <set name="employees" table="Employee" inverse="true" lazy="true" fetch="select">
            <key>
                <column name="departmentid" />
            </key>
            <one-to-many class="entities.Employee" />
        </set>
    </class>
</hibernate-mapping>
