<?xml version="1.0"?>
<!DOCTYPE hibernate-mapping PUBLIC "-//Hibernate/Hibernate Mapping DTD 3.0//EN"
"http://www.hibernate.org/dtd/hibernate-mapping-3.0.dtd">
<!-- Generated Nov 14, 2015 3:22:47 PM by Hibernate Tools 4.3.1 -->
<hibernate-mapping>
    <class name="entities.Employee" table="Employee" schema="dbo" catalog="QuanLyNhanVien" optimistic-lock="version">
        <id name="id" type="serializable">
            <column name="id" />
            <generator class="assigned" />
        </id>
        <many-to-one name="department" class="entities.Department" fetch="select">
            <column name="departmentid" />
        </many-to-one>
        <property name="name" type="serializable">
            <column name="name" />
        </property>
        <property name="addres" type="serializable">
            <column name="addres" />
        </property>
        <property name="email" type="serializable">
            <column name="email" />
        </property>
        <property name="phone" type="serializable">
            <column name="phone" />
        </property>
        <property name="salary" type="java.lang.Double">
            <column name="salary" precision="53" scale="0" />
        </property>
    </class>
</hibernate-mapping>
