<?xml version="1.0" encoding="UTF-8"?>
<project-private xmlns="http://www.netbeans.org/ns/project-private/1">
    <editor-bookmarks xmlns="http://www.netbeans.org/ns/editor-bookmarks/2" lastBookmarkId="0"/>
    <open-files xmlns="http://www.netbeans.org/ns/projectui-open-files/2">
        <group>
            <file>file:/C:/Users/THANH%20SI/Dropbox/cntt/Nam%204/PTUD%20HTTT%20HD/Project/QLNhanVien/web/TimKiem.jsp</file>
            <file>file:/C:/Users/THANH%20SI/Dropbox/cntt/Nam%204/PTUD%20HTTT%20HD/Project/QLNhanVien/nbproject/build-impl.xml</file>
            <file>file:/C:/Users/THANH%20SI/Dropbox/cntt/Nam%204/PTUD%20HTTT%20HD/Project/QLNhanVien/web/index.html</file>
            <file>file:/C:/Users/THANH%20SI/Dropbox/cntt/Nam%204/PTUD%20HTTT%20HD/Project/QLNhanVien/src/java/model/NhanVienModel.java</file>
            <file>file:/C:/Users/THANH%20SI/Dropbox/cntt/Nam%204/PTUD%20HTTT%20HD/Project/QLNhanVien/src/java/entities/Employee.java</file>
        </group>
    </open-files>
</project-private>
